Properties,Sequence,Label
Pos_1|1|test,LEPLQESPRPTGVWKSREVATEGIRGHRKMVLYTLRAPRSP,1
Pos_3|1|test,AQCHSVPVKSCSEPRCFNGGTCQQALYFSDFVCQCPEGFAG,1
Pos_5|1|test,SSASTGDTTPLPVTDTSSASTGQATPLPVTSLSSVSTGDTT,1
Pos_7|1|test,STGQATSLLVTDTSSVSTGDTTPLPVTSTSSASTGHVTPLH,1
Pos_9|1|test,SELQPPAPSEDIWKKFELLPTPPLSPSRRSGLCSPSYVAVT,1
Pos_11|1|test,KEPSPTTPKEPAPTTTKSAPTTTKEPAPTTTKSAPTTPKEP,1
Pos_13|1|test,DSGAPPVPPTGDSGAPPVPPTGDSGAPPVPPTGDSGAPPVP,1
Pos_15|1|test,PLHVTSPSSASTGDTTPVPVTDTSSVSTGHATPLPVTGLSS,1
Pos_17|1|test,STDHATSLPVTIPSAASTGHTTPLPVTDTSSASTGQATSLL,1
Pos_19|1|test,SKETSLTVNKETTVETKETTTTNKQTSTDGKEKTTSAKETQ,1
Pos_21|1|test,SLHVTSPSSASTGHATSLPVTDTSAASTGHATPLPVTSTSS,1
Pos_23|1|test,LHPSFIAIPPKKIQDKIIIPTINTIATVEPTPAPATEPTVD,1
Pos_25|1|test,SLPVTDTSSSSTGDTTPLLVTETSSVSTGDTTPLPVTDTSS,1
Pos_27|1|test,STGHATPLPVTSLSSASTGDTTPLPVTSPSSASTGHATPLH,1
Pos_29|1|test,PAPTTPKKPAPTTPKEPAPTTPKEPAPTTTKKPAPTTPKEP,1
Pos_31|1|test,STGHTTPLPVTDTSSASTGDTTPLPVTNASSLSTGHATPLH,1
Pos_33|1|test,PLPVTDTSSASTGDTTPLPVTSPSSASTGHTTPLHVTIPSS,1
Pos_35|1|test,PRVPYHSSVLSVTRPVVVSATHPTLPSAHQPPVIPATHPAL,1
Pos_37|1|test,PVTDTSSVSTGHATPLPVTSTSSVSTGHATPLPVTSPSSAS,1
Pos_39|1|test,STGQATPLPVTSLSSVSTGDTTPLPVTSPSSASTGHATSLP,1
Pos_41|1|test,SNSPIMVVSSNGAIMTTKLVTTPTGTQATYTRPTVSPSIGR,1
Pos_43|1|test,TGQATPLPVTSLSSVSTGDTTPLPVTIPSSASSGHTTSLPV,1
Pos_45|1|test,STGHATPLHVTSPSSASRGDTSTLPVTDASSASTGHATPLP,1
Pos_47|1|test,NECSLSDNLCRNGKCVNMIGTYQCSCNPGYQATPDRQGCTD,1
Pos_49|1|test,SGQTQTSEPASSGSRTTSAGTATPSSSGASGTTPSGSEGIS,1
Pos_51|1|test,SSASTGHATPLPVTSTSSASTGDTTPLPGTDTSSVSTGHTT,1
Pos_53|1|test,STGDTMPLPVTSPSSASTGDTTPLPVTDASSVSTGHTTPLH,1
Pos_55|1|test,STGQATPLPVTSLSSVSTGDTTPLPVTDASSASTGHATPLP,1
Pos_57|1|test,TGDTTPLPVTDTSSASTGHATPLPVTDTSSASTGHATPLPV,1
Pos_59|1|test,SLPVTDASSVSTGHGTPLPVTSTSSASTGDTTPLPVTDTSS,1
Pos_61|1|test,NPLIPWDYCPISRCEGDTTPTIVNLDHPVISCAKTKQLRVV,1
Pos_63|1|test,TSSTTSGSGTTPSPVPTTSTTSASTTSTTSAPTTSTTSGPG,1
Pos_65|1|test,STEASGQTQTSEPASSGSRTTSAGTATPSSSGASGTTPSGS,1
Pos_67|1|test,VLRTQATQLPIIPTAQPSLTTTSRSPVSPAHQISVPAATQP,1
Pos_69|1|test,PGKKKQHICHIQGCGKVYGKTSHLRAHLRWHTGERPFMCTW,1
Pos_71|1|test,GTVSTNEFLCDKDKTSTVAPTIHTTVPSPTTTPTPKEKPEA,1
Pos_73|1|test,KGQACFCDHYAWTQWTSCSKTCNSGTQSRHRQIVVDKYYQE,1
Pos_75|1|test,ETSGLQEADGVAEILEAVTYTQASPKEAKVEPINTPPTPSS,1
Pos_77|1|test,SNSTWDPPVPKCLKVLPPSSTKPPALSHSVSTSSTTKSPAS,1
Pos_79|1|test,KSAPTTPKEPSPTTTKEPAPTTPKEPAPTTPKKPAPTTPKE,1
Pos_81|1|test,PKAEEPIHATMDPQRLGVLITPVPDAQAATRRQAVGLLAFL,1
Pos_83|1|test,SSVSTGDTMPLPVTSPSSASTGHATPLPVTGLSSASTGDTT,1
Pos_85|1|test,STGHTTPLHVTIPSSASTGDTSTLPVTGASSASTGHATPLP,1
Pos_87|1|test,PLHVTSPSSASTGHATPLPVTSTSSASTGHATPLPVTGLSS,1
Pos_89|1|test,SSVSTGHTTPLPVTDTSSESTGHVTPLPVTSFSSASTGDST,1
Pos_91|1|test,SSVSTGHATPLHVTSPSSASTGHTTPLPVTDASSVSTGHAT,1
Pos_93|1|test,TGHATPLPVTSTSSVSTGHATPLPVTSPSSASTGHATPVPV,1
Pos_95|1|test,LAVGLELWAAAHALPAQVAFTPYAPEPGSTCRLREYYDQTA,1
Pos_97|1|test,PVTDVSSASTGHATPLPVTSTSSASTGDTTPLPVTDTSSVS,1
Pos_99|1|test,ANAEDTTETGRQGKGTSKTTTSPNGGFEPTTPPQVYRTTSP,1
Pos_101|1|test,TGHATPLPVTDTSSASTGHATPLPVTSLSSVSTGHATPLAV,1
Pos_103|1|test,GPNCERPYVPCSPSPCQNGGTCRPTGDVTHECACLPGFTGQ,1
Pos_105|1|test,GSRTTSAGTATPSSSGASGTTPSGSEGISTSGETTRFSSNP,1
Pos_107|1|test,PVTSPSSASTGHATSLPVTDTSSASTGDTTSLPVTDTSSAY,1
Pos_109|1|test,PVTDISSASTGQATPLPVTNTSSVSTGDTMPLPVTSPSSAS,1
Pos_111|1|test,MFSWPRLRDADPILRCEMASTGEVACFGEGIHTAFLKAMLS,1
Pos_113|1|test,EPAPTTPKEPAPTAPKKPAPTTPKEPAPTTPKEPAPTTTKE,1
Pos_115|1|test,LAGAGLELQLERRPEREPPPTPPRERRGPATPGPSYRAPEP,1
Pos_117|1|test,SSASTGHATPLPVTSTSSASTGHATPLPVTGLSSATTDDTT,1
Pos_119|1|test,REAPDLVLQRCCSGEGLQIPTLSPAPDCSQPLDVILLLDGS,1
Pos_121|1|test,PLPVTSTSSASTGDTTPLPGTDTSSVSTGHTTPLLVTDASS,1
Pos_123|1|test,KGLALGNLTVSSPPVASLSPTSGSIGGGTTLVITGNGFYPG,1
Pos_125|1|test,STGDTTPLPVTDASSASTGDTTSLPVTIPSSASSGHTTSLP,1
Pos_127|1|test,MGVVSLGSPSGEVSHPRKTRTVVQPSVGAAAGPVVPPCPGR,1
Pos_129|1|test,SLLISLFVFPGPCCPPSPSPTFQPLATTRLQPKAKAQQTQP,1
Pos_131|1|test,TNSTTNSATKITANTTDEPTTQPTTEPTTQPTIQPTQPTTQ,1
Pos_133|1|test,DSGAPPVPPTGDSGAPPVPPTGDAGPPPVPPTGDSGAPPVP,1
Pos_135|1|test,PLPVTDTSSVSTGHATSLPVTSRSSASTGHATPLPVTDTSS,1
Pos_137|1|test,DKDKTSTVAPTIHTTVPSPTTTPTPKEKPEAGTYSVNNGND,1
Pos_139|1|test,YSASTGQATPLPVTSLSSVSTGDTTPLPVTSPSSASTGHAT,1
Pos_141|1|test,SSVSTGDTTPLPVTSPSSASTGHATPLLVTDTSSASTGHAT,1
Pos_143|1|test,VTQATPETFTEDPNLVNDPATDETVLAVLADIAPSTDDLAS,1
Pos_145|1|test,TGHATPLPVTSTSSASTGDTTPLPVTDTYSASTGQATPLPV,1
Pos_147|1|test,EIQDGTIHLYIYSIHSIPKGTEITIAFDFDYGNCKYKVDCA,1
Pos_149|1|test,EACQEPGGLVVPPTDAPVSPTTLYVEDISEPPLHDFYCSRL,1
Pos_151|1|test,ALPVTSTSSASTGDTTPLPVTDTSSASTGQATPLPVTSLSS,1
Pos_153|1|test,PAPTTPKEPAPTTTKKPAPTTPKEPAPTTPKETAPTTPKKL,1
Pos_155|1|test,ACQEPGGLVVPPTDAPVSPTTLYVEDISEPPLHDFYCSRLL,1
Pos_157|1|test,SSASKEIGMPFSQGPGTPATTAVAPCPAGLPRGYMTPASPA,1
Pos_159|1|test,PLLVTDASSVSTGDTTRLPVTSPSSASTGHTTPLPVTDTPS,1
Pos_161|1|test,TTSAKETQSIEKTSAKDLAPTSKVLAKPTPKAETTTKGPAL,1
Pos_163|1|test,PVTSFSSASTGDSTPLPVTDTSSASTGHVTPLPVTSLSSAS,1
Pos_165|1|test,PSATASNVATSHSTEKVDGDTQTTVEKDGLSTVTLVGIIVG,1
Pos_167|1|test,ESTEASGQTQTSEPASSGSRTTSAGTATPSSSGASGTTPSG,1
Pos_169|1|test,LATTRLQPKAKAQQTQPPGLTSPGLYPAATTAKQGKTGAEA,1
Pos_171|1|test,PKEPTPTTPKEPASTTPKEPTPTTIKSAPTTPKEPAPTTTK,1
Pos_173|1|test,TGHVTPLHVTSPSSASTGHVTPLPVTSTSSASTGHATPLLV,1
Pos_175|1|test,PLPVTSLSSVSTGDTTPLPVTDASSASTGQATPLPVTSLSS,1
Pos_177|1|test,PLPVTSLSSVSTGDTTPLPVTSPSSASTGHATPLLVTDASS,1
Pos_179|1|test,SSASTGHATPLPVTSTSSASTGDTTPLPVTDTSSVSTGHAT,1
Pos_181|1|test,SSASTGQATPLPVTSLSSVSTGDTTPLPVTSPSSASTGHAT,1
Pos_183|1|test,NGGTCISGPRSPTCLCLGPFTGPECQFPASSPCLGGNPCYN,1
Pos_185|1|test,SSASTGHTTPLPVTDTPSASTGDTTPLPVTNASSLSTRHAT,1
Pos_187|1|test,TTKKPAPTTPKEPAPTTPKETAPTTPKKLTPTTPEKLAPTT,1
Pos_189|1|test,DGTACVGTLGQSPGPRPTTPTAAAATAAAAAAAGAATAAPV,1
Pos_191|1|test,SSVSTGHGTPLPVTSTSSASTGDTTPLPVTDTSSASTGHAT,1
Pos_193|1|test,SSASTGHATPLPVTSTSSASTGHATPVPVTSTSSASTGHTT,1
Pos_195|1|test,TSSSSQDPESLQDRGEGKVATTVISKMLFVEPILEVSSLPT,1
Pos_197|1|test,YCTEDVDECQLMPNACQNGGTCHNTHGGYNCVCVNGWTGED,1
Pos_199|1|test,PVPPTGDSEATPVPPTGDSETAPVPPTGDSGAPPVPPTGDS,1
Pos_201|1|test,PVTSPSSASTGHTTPLPVTDTPSASTGDTTPLPVTNASSLS,1
Pos_203|1|test,DGREVEGTRTRPGMTPPCLSTVAPPIHQGPAVPTAVIPLPP,1
Pos_205|1|test,SGHTTPLPVTDASSASTGDTTPLPVTDTSSASTGHATHLPV,1
Pos_207|1|test,NQKPTNLPKVEESQQKNTPPTDSPSKAGPRGSVQYLPDLDD,1
Pos_209|1|test,EPLSSKMYTTSITSDPKADSTGDQTSALPPSTSINEGSPLW,1
Pos_211|1|test,LKMETPGMTTPSLKTDGGRRTATSPPPTTSQTIISTIPSTA,1
Pos_213|1|test,GAYLLLCLFSLLTQVTTEPPTQKPKKIVNAKKDVVNTKMFE,1
Pos_215|1|test,SGPGSTGNRNPGSSGTGGTATWKPGSSGPGSTGSWNSGSSG,1
Pos_217|1|test,ITSMTSGPGTTPSPVPTTSTTSAPTTSTTSASTASTTSGPG,1
Pos_219|1|test,FPAHQSPMFPDTRVAGTQTTTHLPGIPPNHAPLVTTLGAQL,1
Pos_221|1|test,PMLDRHTSQQITTAPSTNHSTIHSTSTSPQESPAVSQRGHT,1
Pos_223|1|test,PPGLTSPGLYPAATTAKQGKTGAEAPPLPGTSQYGHERTSQ,1
Pos_225|1|test,SSASTGHATPLHVTDASSVSTGDTTPLPVTSSSSASSGHTT,1
Pos_227|1|test,GLQEQRNHLQGKLSELQVEQTSLEPLQESPRPTGVWKSREV,1
Pos_229|1|test,PVTDTSSASTGHATSLPVTDTSSVSTGHTTPLPVTDTSSAS,1
Pos_231|1|test,NPSPTPVISMLAQGSQVLESTPPPHVMRVENDPHFIIYLPK,1
Pos_233|1|test,PLPVTSPSSASTGHATPVPVTSTSSASTGDTTPLPVTNASS,1
Pos_235|1|test,EPAPTTTKEPSPTTPKEPAPTTTKSAPTTTKEPAPTTTKSA,1
Pos_237|1|test,DSEAENTTLSATTLGYGEDATPGTGYTGLAAIQLPKKAGDI,1
Pos_239|1|test,PLPVTSTSSVSTGHVTPLHVTSPSSASTGHVTPLPVTSTSS,1
Pos_241|1|test,GKTGAEAPPLPGTSQYGHERTSQYTGTSPHPATSPPAGSSR,1
Pos_243|1|test,KEPAPTTTKSAPTTPKEPAPTTPKKPAPTTPKEPAPTTPKE,1
Pos_245|1|test,MERESLLRRTRQADGISAEVTASSSKHSGPENNQCSLHPFQ,1
Pos_247|1|test,SSEPPRERSIGDVTTAPPEVTPESRPVNHSVTDHGMKPRKA,1
Pos_249|1|test,DPNKPTSWTENQAGKIPEKVTPMAAIQDGLAKGENDETVSN,1
Pos_251|1|test,SSASTGHATPLPVTDTSSVSTGHATPLPVTSLSSVSTGDTT,1
Pos_253|1|test,GSASLWVLAEGASTGQPEDDTETTGLEGGVAMPGAEDDVVT,1
Pos_255|1|test,SSASTGDTTPVPVTDTSSVSTGHATPLPVTGLSSASTGDTT,1
Pos_257|1|test,EPAPTTPKEPAPTTPKKPAPTTPKEPAPTTPKEPAPTTTKK,1
Pos_259|1|test,TGHTTPLPVTDTSSASTGQATALPVTSTSSASTGDTTPLPV,1
Pos_261|1|test,KETVIIPNEKSLQLQKDEAITPLPPKKENDEMPTCLLCVCL,1
Pos_263|1|test,NSTAWPLSLEPDPGMASASTTMHTTTIAEPDPGMSGWPDGR,1
Pos_265|1|test,FFSTTQSPPATQGSTAAQRSTATQHSTATQSSTATQTSPVP,1
Pos_267|1|test,SSLSTGHATPLHVTSPSSASTGHATPLPVTSTSSASTGHAT,1
Pos_269|1|test,KIPEPFPLPEDKSQGNINNPTPGPVPVPGPKSHPSASSGKL,1
Pos_271|1|test,ASQATDTFSTVPPTPPSITSTGLTSPQTETHTLSPSGSGKT,1
Pos_273|1|test,PLPVTSLSSVSTGDTTPLPVTDTSSASTGHATSLPVTDTSS,1
Pos_275|1|test,SSASTGHTTPLPVTDTSSASTGDTTPLPVTNASSLSTGHAT,1
Pos_277|1|test,TGHATPLPVTSLSSASTGDTTPLPVTSPSSASTGHATPLHV,1
Pos_279|1|test,TYAKETVSSSELSSPVPVGDTSTLGDTTLSVPHPEVDAYEG,1
Pos_281|1|test,TGHATPLPVTDTSSASTGQATPLPVTSPSSASTGHAIPLLV,1
Pos_283|1|test,TYTALIIATDNGSPVATGTGTLLLILSDVNDNAPIPEPRTI,1
Pos_285|1|test,TGDTTPLPVTSPSSASTGHATPLLVTDTSSASTGHATPLPV,1
Pos_287|1|test,KPAPTTPKETAPTTPKEPAPTTPKKPAPTTPETPPPTTSEV,1
Pos_289|1|test,STGQATPLPVTSLSSVSTGDTTPLPVTSPSSASTGHATPLL,1
Pos_291|1|test,KEPAPTTKEPAPTTPKEPAPTAPKKPAPTTPKEPAPTTPKE,1
Pos_293|1|test,STGHATPLHVTSPSSASTGHTTPLPVTDASSVSTGHATSLP,1
Pos_295|1|test,TGHTTPLPVTDTSSESTGHVTPLPVTSFSSASTGDSTPLPV,1
Pos_297|1|test,PVDARPAADRGLTTRPGSGLTNIKTEEISEVKMDAEFRHDS,1
Pos_299|1|test,PLPVTSLSSASTGDTTPLPVTSPSSASTGHATPLHVTDASS,1
Pos_301|1|test,PATGPADDEAPDAETTAAATTATTAAPTTATTAASTTARKD,1
Pos_303|1|test,EHLASSSEDSTTPSAQTQEKTEGPTPIPSLAKPGVTVTFSD,1
Pos_305|1|test,TTSTTSGPGTTPSPVPTTSTTSAPTTRTTSAPKSSTTSAAT,1
Pos_307|1|test,ESLERLRRGLAAGTSNPDPPTVSTDQLLPLGGGRDRKVRDL,1
Pos_309|1|test,SLPAFGPDTQSELPTSFAVITEDATLSPELPPVEPQLETVD,1
Pos_311|1|test,TGQATPLPVTSLSSVSTGDTTPLPVTSPSSASTGHATPLLV,1
Pos_313|1|test,PLPVTSPSSASTGHATSLPVTDTSSASTGDTTSLPVTDTSS,1
Pos_315|1|test,TGDTMPLPVTSPSSASTGDTTPLPVTDASSVSTGHTTPLHV,1
Pos_317|1|test,STGQATPLPVTSLSSVSTGDTTPLPVTSPSSASTGHASPLL,1
Pos_319|1|test,GDYRIPKAMLTFLNGSRIPVTEKAPHKGIIRDSTCKYLPEW,1
Pos_321|1|test,SSVSTGHTTPLPVTSPSSASTGHTTPLPVTDTSSASKGDTT,1
Pos_323|1|test,STGHATPLPVTDASSASTGDTTPLPVTDTSSASTGQATPLP,1
Pos_325|1|test,TASTIRSSEPPRERSIGDVTTAPPEVTPESRPVNHSVTDHG,1
Pos_327|1|test,STGDTTPLLVTETSSVSTGDTTPLPVTDTSSASTGHATPLP,1
Pos_329|1|test,GATCENDARTCGSLRCLNGGTCISGPRSPTCLCLGPFTGPE,1
Pos_331|1|test,SPRLHVPLMPAQPAPPKPQPTTRTPPQSQTPGALPAKREQP,1
Pos_333|1|test,LYYGSKVVPDSTPSWANPSPTPVISMLAQGSQVLESTPPPH,1
Pos_335|1|test,YPRQGNVSSQAILPTWLPFRTTVFSEEKLTFSLRLMEENWN,1
Pos_337|1|test,PAPTTPKGTAPTTPKEPAPTTPKEPAPTTPKGTAPTTLKEP,1
Pos_339|1|test,PLPVTDTSSASTGQATPLPVTSLSSVSTGDTTPLPVTIPSS,1
Pos_341|1|test,SPGSSGGGGFFSSLSNAVKQTTAAAAATFSEQVGGGSGGAG,1
Pos_343|1|test,KVRFLMLVGGSTLCVRRAPPTTAVPSRTSLVLTLNELPNRT,1
Pos_345|1|test,PVTDASSVSTGHATPLPVTDTSSVSTGQATPLPVTSLSSAS,1
Pos_347|1|test,SSVSTGDTTPLPVTDTSSASTGHATSLPVTDTSSASTGHAT,1
Pos_349|1|test,SGHTTSLPVTDASSVSTGHGTPLPVTSTSSASTGDTTPLPV,1
Pos_351|1|test,PLLVTDTSSASTGQATPLPVTSLSSASTGDTTPLPVTDASS,1
Pos_353|1|test,GSDTISLASQATDTFSTVPPTPPSITSTGLTSPQTETHTLS,1
Pos_355|1|test,PLPVTSLSSASTGDTTPLPVTDTSSASTGQDTPLPVTSLSS,1
Pos_357|1|test,STGHATPLPLTSLSSVSTGDTTPLPVTDTSSASTGQATPLP,1
Pos_359|1|test,FATTIWQQMEELGMAPALQPTQGAMPAFASAFQRRAGGVLV,1
Pos_361|1|test,STGDTTPLPVTSPSSASTGHTTPLPVTDTSSASTGQATALP,1
Pos_363|1|test,LLLGTVACSISAPARSPSPSTQPWEHVNAIQEARRLLNLSR,1
Pos_365|1|test,QCCPEMGGWSGWGPWEPCSVTCSKGTRTRRRACNHPAPKCG,1
Pos_367|1|test,PNEDGTACVGTLGQSPGPRPTTPTAAAATAAAAAAAGAATA,1
Pos_369|1|test,TGHATPLHVTDASSVSTGDTTPLPVTSSSSASSGHTTPLPV,1
Pos_371|1|test,TDDTTRLPVTDVSSASTGHATPLPVTSTSSASTGDTTPLPV,1
Pos_373|1|test,NEDGTACVGTLGQSPGPRPTTPTAAAATAAAAAAAGAATAA,1
Pos_375|1|test,LPPVEPQLETVDGAEHGLPDTSWSPPAMASTSLSEAPPFFM,1
Pos_377|1|test,QVTSTTTQDTTPFKITTLKTTTLAPKVTTTKKTITTTEIMN,1
Pos_379|1|test,SLKWSPEMKNARCVQKENPLTQAVPKCQRWEKLQNSRCVCK,1
Pos_381|1|test,TGQATSLLVTDTSSVSTGDTTPLPVTSTSSASTGHVTPLHV,1
Pos_383|1|test,PLLVTDASSASTGQATPLPVTSLSSVSTGDTTPLPVTSPSS,1
Pos_385|1|test,TGQATPLPVTIPSSSSSGHTTPLPVTSTSSVSTGHVTPLHV,1
Pos_387|1|test,TGHTTPLPVTSPSSASTGHTTPLPVTDTSSASKGDTTPLPV,1
Pos_389|1|test,PLHVTSPSSASTGHTTPLPVTDASSVSTGHATSLPVTDASS,1
Pos_391|1|test,STGHATPLPVTSLSSASTGDTMPLPVTSPSSASTGDTTPLP,1
Pos_393|1|test,LAYRPSFPEDREPQIPYPEPTWPPPLSAPRVPYHSSVLSVT,1
Pos_395|1|test,AAPNTPKEPAPTTPKEPAPTTPKEPAPTTPKETAPTTPKGT,1
Pos_397|1|test,PTSGEPLVSTSEPLSSKMYTTSITSDPKADSTGDQTSALPP,1
Pos_399|1|test,PHVSRTLFLLLLLAASAWGVTLSPKDCQVFRSDHGSSISCQ,1
Neg_1|0|test,RAILLLSPQGAHSFINEAVETNLASKDSHWVFVNEEISDPE,0
Neg_3|0|test,DKDPIYVGGLPRSRVVRRGVTTKSFVGCIKNLEISRSTFDL,0
Neg_5|0|test,IYCFCNGEVQAEIKKSWSRWTLALDFKRKARSGSSSYSYGP,0
Neg_7|0|test,VPGTTNHDIALLRLHQPVVLTDHVVPLCLPERTFSERTLAF,0
Neg_9|0|test,TTSGHSEKSTIFHSSPDASGTTPSSAHSTTSGRGESTTSRI,0
Neg_11|0|test,FNAFRFQNIPKLSKVWLHCETFICDSEKLSCPVTCDKRKRL,0
Neg_13|0|test,RSAAPGPRPQQGFVARTECPTDGPARVMLQAVNSSSHRAVE,0
Neg_15|0|test,ALERIRSFSPLKEPLTIQVLTVGNALRPKIKYTYFVKKKKE,0
Neg_17|0|test,GRVNCSCRGDRILLEDNRCVTKNSSCNAYSEFECGNGECID,0
Neg_19|0|test,IMPGGYALAGAAAFSGAVTHTISTALLAFEVTGQIVHALPV,0
Neg_21|0|test,FHDSFFNLTLKQVLFLQWQETRCANASFVLNGDDDVFAHTD,0
Neg_23|0|test,SIMVANILRLFQIPQISYASTAPELSDDRRYDFFSRVVPPD,0
Neg_25|0|test,GADKSLQEQLHSVPLSRDIPTTEEVIGDLKPGTEYRVSIAA,0
Neg_27|0|test,ERVENGHIYDTIVNVKETRLTSLGASVLVGLSLLLLPVPLQ,0
Neg_29|0|test,LTSFCGALHVCFITPSFPVDTSNQFVLQLRPELQDALISII,0
Neg_31|0|test,FPHGQTYWYLLFYCLFETMVTCFHVPYSALTMFISTEQTER,0
Neg_33|0|test,PPHTGPALISALNILEGFNLTSLVSREQALHWVAETLKIAL,0
Neg_35|0|test,TLGRSEESTTVHSSPVATATTPSPARSTTSGLVEESTAYHS,0
Neg_37|0|test,RMKNRYGNIIAYDHSRVRLQTIEGDTNSDYINGNYIDGYHR,0
Neg_39|0|test,SLSLNEPEDKDVTIGFSLDRTKNDGFSSYLDEDVNYCILKK,0
Neg_41|0|test,LHPQRQPAGKNRCGDNNGGCTHLCLPSGQNYTCACPTGFRK,0
Neg_43|0|test,REQEKMREVEQQRIRSTARKTRRDKEELRAQRRRERSKTPP,0
Neg_45|0|test,YRVRACNSKGSVESLWSLTQTLEAPPQDFPAPWAQATSAHS,0
Neg_47|0|test,NEANMVCSIQKPSRTSPIAFTEENDYIVLNTSFSTFLVCNI,0
Neg_49|0|test,SPRHLKFPLTNTNCSSEEEITLENPADVPVYVQFIPLALYS,0
Neg_51|0|test,VRTGKYKAHFFTQGSAHSDTTADPACHASSSLTAHEPPLLY,0
Neg_53|0|test,GHIYHGRNLDYPFGNVLRKLTVDVQFLKNGQIAFTGTTFIG,0
Neg_55|0|test,FSTYFFRNSWYWLYENRNNRTRYGDPIQILTGWPGIPTHNI,0
Neg_57|0|test,ATTQFTTEIDAPKNLRVGSRTATSLDLEWDNSEAEVQEYKV,0
Neg_59|0|test,PHHGLHAAGFFIAFLLSLVLTWAALFLMVRYQCLKGNMLTR,0
Neg_61|0|test,RKVFSKLRHLERLYLDHNNLTRMPGPLPRSLRELHLDHNQI,0
Neg_63|0|test,GDRGAEGARGIPGLPGPKGDTGLPGVDGRDGIPGMPGTKGE,0
Neg_65|0|test,LGASEHSPLKTPYFDAGASCTEQEMPRYHELPTLEERSGPL,0
Neg_67|0|test,PATDGGLNLTSTFLRKNQCETRTMLLQPAGSLGSYSYRSPH,0
Neg_69|0|test,LIQTYAGMLQLAKQSLKKQDTPQYNLTIEVSDKDFKTLCFV,0
Neg_71|0|test,QWRPLLKAIWQVFHSTFLLGTLSLIISDVFRFTVPKLLSLF,0
Neg_73|0|test,WELDLDIKEVFVHPNYSKSTTDNDIALLHLAQPATLSQTIV,0
Neg_75|0|test,LMTGRHCEVHQMIGNYMWDPTTNKSFDIGVNKDSLMPLWWN,0
Neg_77|0|test,WGPYGGKVPFPRPGVCPSKMTAQPGRPFGSTKDYPDEVLQF,0
Neg_79|0|test,EVGCGAPAPVVRCDPCSPYRTITGDCNNRRKPALGAANRAL,0
Neg_81|0|test,IHRVFQDKQIEDLWLPYFNVTTDITASAMRVHKDGSLWRYV,0
Neg_83|0|test,ALLCLFGGVSIASWNALDVLTVELYPSDKRTTAFGFLNALC,0
Neg_85|0|test,VSSEASTLSTTPAATNIPVITSTEASSSPTTAEGTSIPTST,0
Neg_87|0|test,SHAGICPNDMNPNLWVDAQSTCRRECETDQECETYEKCCPN,0
Neg_89|0|test,NGEPCVLPFTYNGRTFYSCTTEGRQDGHLWCSTTSNYEQDQ,0
Neg_91|0|test,ATTGAVSTPVITSTELNTPSTSSSSTTTSFSTTKEFTTPAM,0
Neg_93|0|test,CDFCYEFPFPTVATTPPPPRTKTRLVPEGRNVTFRCGQKIL,0
Neg_95|0|test,PSVSPPIRIESSSPTVVEGQTLDLNCVVARQPQAIITWYKR,0
Neg_97|0|test,TQTLKLEDTPKINSRFFGEGTKKMGLAFESTKSTSPPKQAE,0
Neg_99|0|test,PPPPQVPQRRGTPPLTPGRLTQDLKLISASQPALPQDGAQT,0
Neg_101|0|test,ASSAPTTAASSTTVASIAPTTAASSMTAASSTPMTLALPAP,0
Neg_103|0|test,CRMEKEEDLWGEWSPILSFQTPPSAPKDVWVSGNLCGTPGG,0
Neg_105|0|test,FKVPELHGKNKPLISYVGDSTVLTCKCQNCFPLNWTWYSSN,0
Neg_107|0|test,ICKVTCTKGSCQNSCEKGNTTTLISENGHAADTLTATNFRV,0
Neg_109|0|test,QPATSTPSTGLFSLATQTPATQTTGFTFGTATLASGGTGFS,0
Neg_111|0|test,LRGVYITSVLSEDNSIQTMITFDQGGRWTHLRKPENSECDA,0
Neg_113|0|test,RGDTDADRPRVEPRAQRAVVTESSLYGEHLAQPGTLKEVWS,0
Neg_115|0|test,HPWHPDIVDVQIITLGSLAITAIPGEFTTMSGRRLREAVQA,0
Neg_117|0|test,TTKLLYDIWGDTVNIASRMDTTGVECRIQVSEESYRVLSKM,0
Neg_119|0|test,SSNETIWTSRPDQALLASMNTTTILTFVPNENFTSAFHENT,0
Neg_121|0|test,VAVAVILMVLGLLTIGSIFFTWRLYNERPRERRNEFSSKER,0
Neg_123|0|test,DEVDTDQSGVLSDREIRTLATRIHELPLSLQDLTGLEHMLI,0
Neg_125|0|test,VTLTPMEQQDEYSENYILRATTIGQTTLVAIAKDKMGRKYT,0
Neg_127|0|test,AQMSPTFTTTILKTSQPLMTTPGTLSSTASLVTGPIAVQTT,0
Neg_129|0|test,YGDCCKDCRFLPGGTLCRGKTSECDVPEYCNGSSQFCQPDV,0
Neg_131|0|test,QRVLTTDYALLMESTSIEYVTQRNCNLTQIGGLIDSKGYGV,0
Neg_133|0|test,VQGLLVAQGRADSQAQLLLSTVVGVFTAPGLHLKQPFVQGL,0
Neg_135|0|test,GGTKVVAMGVAPWGVVRNRDTLINPKGSFPARYRWRGDPED,0
Neg_137|0|test,RPAKIMRAWSDGSHLLPVINTTLGWPNGLAIDWAASRLYWV,0
Neg_139|0|test,TNSSAAFEMVPRTAPAGYLVTKVIAMDSDSGQNAWLFYHLA,0
Neg_141|0|test,RIPRLNIKTGKLEMSYSKFKTKSLSFLGTFILKVAESLQLV,0
Neg_143|0|test,IKVLVVYPSEICFHHTICYFTEFLQNHCRSEVILEKWQKKK,0
Neg_145|0|test,NNFIYFLTVQRETLDAQTFHTRIIRFCSINSGLHSYMEMPL,0
Neg_147|0|test,ACHGMWSKWAPPLERSRLATTSFCGSYAGAVVAMPLAGVLV,0
Neg_149|0|test,IDLGSGLFEKPKATELIEFSTIKVTVPSDITTAFSSVDRLH,0
Neg_151|0|test,HTSYHSQAVHIRPVCRNARCTSISWELRQTLSVVFDAFITG,0
Neg_153|0|test,DSCVISDHPKIQIKNSTFCMTAYPNVTMVNFTSQANKTFVS,0
Neg_155|0|test,GNKSISENATATAAPKMPESTPVSTPVPSPEYVTTEVHTHD,0
Neg_157|0|test,DENVYFQNDLKLRVRILIDGTLIIFRVKPEDSGKYTCVPSN,0
Neg_159|0|test,LAERSVRLTWIPGDANNSPITDYVVQFEEDQFQPGVWHDHS,0
Neg_161|0|test,YSRGRKLVGGVNQDVEYSSITDQQLTTEWQCQVQKITRSHS,0
Neg_163|0|test,SASDRPRGRDPVNPEKLLVITVATAETEGYLRFLRSAEFFN,0
Neg_165|0|test,LTGRPFYKDINECKAFPGMCTYGKCRNTIGSFKCRCNSGFA,0
Neg_167|0|test,QPICIESSTFNFVHRPDCWVTGWGLISPSGTPLPPPYNLRE,0
Neg_169|0|test,HYRRQHQLAPLPAQAVFASGTRQQLDQDLLGCLKYFINFFF,0
Neg_171|0|test,STCPDEQCVNSPGSYQCVPCTEGFRGWNGQCLDVDECLEPN,0
Neg_173|0|test,NTLTTAHHTTTKTHNPGSLPTKKELPFPPLNPMLPSIISKD,0
Neg_175|0|test,ARNAAGSTSVAFRVEIHTVPTIRSGPPAVNVSVNQTALLPC,0
Neg_177|0|test,LLLRWWTKASFSVVGMVKSLTRSSMVKLILVWLTAIVLFCW,0
Neg_179|0|test,SQGCVQKTYEEKISVLQRNLTEKEKLLQRVGQEKEETVSSH,0
Neg_181|0|test,VNEVYVKEDISDHTLSELSNTQDFLKDKEKSSGTEKNATEN,0
Neg_183|0|test,LTTLNFGDGPDRNKTRTFQATVLGSQMGLKGSSAGQLVLIT,0
Neg_185|0|test,DHCRGRATTPPPTTELETATTTTTQALFSTPQPTSSPGLTR,0
Neg_187|0|test,TTDRLWRKSRSPHNNGTCFGTDLNRNFNASWCSIGASRNCQ,0
Neg_189|0|test,YHIPEFIPEARGLEFLMILGTESYTSTAMAPKGIFCNPYNN,0
Neg_191|0|test,PWAESSTKFRHHMYTNVSGLTSFGEKVVEELNRLGMMIDLS,0
Neg_193|0|test,DDLLSKPKFSGVEKIKTIGSTYMAATGLSAVPSQEHSQEPE,0
Neg_195|0|test,YWENVYDEPDGIHSLSDVTLTLYHSFARLGLRRAETSLHTD,0
Neg_197|0|test,GASTATNSESSTTSSGASTATNSGSSTTSSGTSTATNSESS,0
Neg_199|0|test,VIPMAFCLNYEINVQCCECVTQPTTMTTTTTENPTPPTTTP,0
Neg_201|0|test,HLAVFFVFSGLWGVADAVWQTQNNALYGVLFEKSKEAAFAN,0
Neg_203|0|test,NLESPTHTPQKSGIEHLFNLTLTYRRDSDIQVPYGFLTVST,0
Neg_205|0|test,LLEDFSCKIVPYIEVASLGVTTFTLCALCIDRFRAATNVQM,0
Neg_207|0|test,DVECQRTECIKPVVQEVLTITPFQRLYRIGESIELTCPKGF,0
Neg_209|0|test,KNFNIAGTVVKYRRPMDVYETGIEYIVAQGPTNQGLNVMVW,0
Neg_211|0|test,TPIPTIATSPTILVSATSLITPKSTFLTTTKPVSLLESTKK,0
Neg_213|0|test,GCAVQLYCFHFLASTECFLYTVMAYDRYLAICQPLHYPVAM,0
Neg_215|0|test,FLLTLLVQRHFFLSQWIAEPTKEPIVDEDDDVAEERQRIIT,0
Neg_217|0|test,KQAEALRPFGEAPRELRLRATRAFVAARSFVQGLGVASDVV,0
Neg_219|0|test,SEASNLSTTPVDSKTQVTTSTEASSSPPTAEVNSMPTSTPS,0
Neg_221|0|test,SLLPTVWVRLLCPVPSEECPTWNPGPRSEGSELCLEPQPFL,0
Neg_223|0|test,GLLGMFLKRLSSQLILLQAWTSHLWKMFYDARKPRSQIKNE,0
Neg_225|0|test,TTLPGSPTTPSLSEKSTTFYTSPRSPDATLSPATTTSSGVS,0
Neg_227|0|test,HVEMLCMGFFTLEYLLRLASTPDLRRFARSALNLVDLVAIL,0
Neg_229|0|test,FYKLQEDCKTIWQESRKVMRTPESQLFSIEDIQEVRMGHRT,0
Neg_231|0|test,HAAPSAFSSGLPGALSQVAVTTLTRDSGAWVSHVANSVGPG,0
Neg_233|0|test,TDNTEAPVTKIELLPSYSTATLIDEPTEVDDPWNLPTLQDS,0
Neg_235|0|test,SQVVSAAIGPKRNVSLSKSVTLTFQHVKMTPSTKKVFCVYW,0
Neg_237|0|test,EGSGEVDIVDSFHTSATTQATRQESSTTFVSDGSLEKHPEV,0
Neg_239|0|test,DWKSSGALIPAIYMLVFLLGTTGNGLVLWTVFRSSREKRRS,0
Neg_241|0|test,NLTLSYIIPIGSDSVTLTWTTLSNQSGPIEKYILSCAPLAG,0
Neg_243|0|test,RTWSQCVTNHTLVLTWLEPNTLYCVHVESFVPGPPRRAQPS,0
Neg_245|0|test,SCAYSGFSSPRVEWKFDQGDTTRLVCYNNKITASYEDRVTF,0
Neg_247|0|test,QGVAPEDAGNYSCQATNEVGTDQETVTLYYTDPPSVSAVNA,0
Neg_249|0|test,YDILLLTENGILLRNTSEPATTKQHKFEDLTPGKKYKIQIL,0
Neg_251|0|test,GGVCPQKMAAAVTCSFSHGPTFPIIRLAGGSSVHEGRVELY,0
Neg_253|0|test,CMNPFRNMVLEILDVSGNGWTVDITGNFSNAISKSQAFSLI,0
Neg_255|0|test,PGTTPSPVPTTSTTSAPTTRTTSAPKSSTTSAATTSTTSGP,0
Neg_257|0|test,QKKVINKGLFFLGSLIAISSTYLLIHYMSPRSFLRLRRPWN,0
Neg_259|0|test,QRQSLGEVRLDKLGRTTFRLTIFHLQPSDQGEFYCEAAEWI,0
Neg_261|0|test,NSRFFNIAKDPRVSMRRRSGTLVIDFRSGGRPEEYEGEYQC,0
Neg_263|0|test,PAVLRWTREKQPNYGLAIEVTHLHQTRTHQGQHVRISRSLP,0
Neg_265|0|test,CWSKNMKDLTCRWTPGAHGETFLHTNYSLKYKLRWYGQDNT,0
Neg_267|0|test,IMNKPEETAKPKDRATNSKATTPKPQKPTKAPKKPTSTKKP,0
Neg_269|0|test,SLGRPQGFEVGYWKDMEQEDTAETVKTRGNESFVILTGLEG,0
Neg_271|0|test,QDLNYCTHHKPCKNGATCTNTGQGSYTCSCRPGYTGATCEL,0
Neg_273|0|test,AHTVGTGETPLHLAARFSRPTAARRLLEAGANPNQPDRAGR,0
Neg_275|0|test,LTERSRYGMTDMTNSSADLETNSMLNDSSSDEELNEIDSEN,0
Neg_277|0|test,EERGFPPDRATPLLQTAEIMTPPTKTLWPKGSNASLARSLA,0
Neg_279|0|test,STTSATTTSTTSAPTSSTTSTPQTSKTSAATSSTTSGSGTT,0
Neg_281|0|test,DLCEQVFGLSALSVAQAVAQTNSYYGGQTPGANKVLFVNGD,0
Neg_283|0|test,STPQTSKTSAATSSTTSGSGTTPSPVPTTSTTSASTTSTTS,0
Neg_285|0|test,LCPHKFPAIQNLALRNTGMETPTGVCAALAAAGVQPHSLDL,0
Neg_287|0|test,LLEYLIDVEIARSDCRKPLSTNEICAIQENSKLKRKLSCSF,0
Neg_289|0|test,MVPVFIGCPPGKRLAFDITYTLEYSRLKNKHYFDCVNVNPE,0
Neg_291|0|test,CKIVDCRAPGELEHGLITFSTRNNLTTYKSEIKYSCQEPYY,0
Neg_293|0|test,LHYFEELPSANGSVPIVWQATPRPWLVITIITVDRQPGFHY,0
Neg_295|0|test,PSLYRTSARIVCVTSPAPNGTTGPVRVAIKSQPPGISSQHF,0
Neg_297|0|test,GIKHNIFNPPIIARYIRLHPTHYSIRSTLRMELMGCDLNSC,0
Neg_299|0|test,EVLAVGMVLLVEALSGLSLNTLTIFSFCKTPELRTPCHLLV,0
Neg_301|0|test,KTEKIKDQVNGTSEDSADGSTVGTAVSSSDDADLPPPPPLL,0
Neg_303|0|test,WFLPWTLAAVTAAAASTVLATALSPAPTTMDFTPAPLEDTS,0
Neg_305|0|test,PLAGTDDSVVSEDRLNETELTDLEGQQESPPKNYLCIEEEK,0
Neg_307|0|test,KELRDANVQIASISEELAKKTEDAARQQEEITHLLSQIVDL,0
Neg_309|0|test,FSESQWSHAKIDLIAEAGESTLPFQLILEATVLSSNATVAL,0
Neg_311|0|test,IPLCANLVPVPITNATLDRITGKWFYIASAFRNEEYNKSVQ,0
Neg_313|0|test,VQKALFEEEDHVKKLQQKVATLEKRNRQLRERVKKVKRSLR,0
Neg_315|0|test,LKFKNIIHLIVMDPFVDLGITICIVLNTLFMAMEHYPMTEH,0
Neg_317|0|test,VTPEGTTMPIWTPSEGSTPLTTMPVSTTRVTSSEGSTLSTP,0
Neg_319|0|test,MWTRQFKRTGETRRILSVQPTYDWTCFSHSLLNVSPMPVES,0
Neg_321|0|test,FWIGLSRPQTEVPWLWEDGSTFSSNLFQIRTTATQENPSPN,0
Neg_323|0|test,QSQLKVDILYNINMIFIIIFTGECVLKMLALRQYYFTVGWN,0
Neg_325|0|test,TRSSSQYIESFWQSSQSQNFTAHDKQPSVLSSGYQKTPQEW,0
Neg_327|0|test,SQEEVKAAARRLAYHGGNTNTGDALRYITARSFSPHAGGRP,0
Neg_329|0|test,LVNLVKLKHELTDEELQSLFTNFANVVDKCCKAESPEVCFN,0
Neg_331|0|test,NTYAKSVVNMADLIYKDQLKTRIVLVAMETWATDNKFAISE,0
Neg_333|0|test,EDTWSGCIMGDTGYYLPKKFTQCNIEEYHDFLNSGGGACLF,0
Neg_335|0|test,CLNSRETSFITNGSCLASRKTSFMMALCLSSIYEDLKMYQV,0
Neg_337|0|test,RKPATLSQIGTNKKKVLKMITVHMAVFVVCFVPYNSVLFLY,0
Neg_339|0|test,PPCQNGGMCLRPQLCVCKPGTKGKACETIAAQDTSSPVFGG,0
Neg_341|0|test,ATATTTGATGSVATPSSTPGTAHTTKVPTTTTTGFTATPSS,0
Neg_343|0|test,VSINGVSIHSQGVDLHIQYLTEVFSIEPCCGSLLGGTILSI,0
Neg_345|0|test,ALCLLWAALRTTLFSFYFRDTPRANRLGPLPFWLLYCCPVC,0
Neg_347|0|test,VPCEGLFDEYLEMVLQFGFVTIFVAACPLAPLFALLNNWVE,0
Neg_349|0|test,EVYQVNLTASLGTWDVAGEVTGVTLTGEGQADLTLVSPGLD,0
Neg_351|0|test,MVGSILCGLWLDYTKTYKQTTLIVYILSFIGMVIFTFTLDL,0
Neg_353|0|test,MGANCGIPLNPARDLGPRLFTYVAGWGPEVFSAGNGWWWVP,0
Neg_355|0|test,GPGWQELAVTTGRIRGDFRVTFSATRNATHRGAVALDDLEF,0
Neg_357|0|test,VVPTRGRPLLLKRNIRYTHLTGTPVTTPAGPTYDLLFLGTA,0
Neg_359|0|test,IQRLEIGQDLIQVAVAQYADTVRPEFYFNTHPTKREVITAV,0
Neg_361|0|test,VFWAGNCSEAACGAADCEQCTREGKCMWTRQFKRTGETRRI,0
Neg_363|0|test,ALDQLCGAGGLCRCRPGYTGTACQECSPGFHGFPSCVPCHC,0
Neg_365|0|test,SGSCGHVPVSPKAPSMLGLMTSPENVLKALEKNYMNSLGEI,0
Neg_367|0|test,AFRGCMKNLKKTSGVVRLNDTVGVTKKCSEDWKLVRSASFS,0
Neg_369|0|test,ACGLGTWYLLPNRITLLYGSTGGTALLFFFGWMTLCIAEYS,0
Neg_371|0|test,TTITIPSMGITSAVDDTTVFTSNPAFSETRRIPTEPTFSLT,0
Neg_373|0|test,ILITRLTPIKYDVNLILTAVTGSVGGMFLVAVWWRFGILSI,0
Neg_375|0|test,NNYCALGCYGGWHLSALPGNTQSSGPIPALACGLSCDHQGL,0
Neg_377|0|test,SASTTSTTSGAGTTPSPVPTTSTTSAPTTSTTSAPISSTTS,0
Neg_379|0|test,FKMSSPTDASVICRFKDSIQTLGHVDSSGQVHCVSPLLYES,0
Neg_381|0|test,QQVPPQMVPKPSSHHSGSGSTSTGYVTTAPSNTSMADRAAL,0
Neg_383|0|test,GSRYEVSVSAVRGTNESDSATTQFTTEIDAPKNLRVGSRTA,0
Neg_385|0|test,LTWILLPFMQSYARSGGFSITGKIKTALIENAIYYGTYLLI,0
Neg_387|0|test,NLSWFLRHPGSPSPILLQPGTQVSVTSSHGQAALSVSNMSH,0
Neg_389|0|test,DFMVFAYREPDYSYQMAVRFTTRSCIGRYNDVFFRVLKKIL,0
Neg_391|0|test,ERRFQDAVRLRGRSFAGNLNTYKRLAIKLPDDQIPKTNCNV,0
Neg_393|0|test,KHMEVGGCTFIHPDVQKLLETLIAKRALMKMWQEKERKRAD,0
Neg_395|0|test,LIIIFLTVLLLKLRKRHRKHTQQRAAALSLSTLASPKGGSG,0
Neg_397|0|test,PITTTTTVTPTPTPTGTQTPTTTPITTTTTVTPTPTPTGTQ,0
Neg_399|0|test,ILWKWKKKKRPRNSYKCGTNTMEREESEQTKKREKIHIPER,0
